filename,object_location,image_small,image_thumb
210a.jpg,/objects/210a.jpg,/objects/small/210a_sm.jpg,/objects/thumbs/210a_th.jpg
210b.jpg,/objects/210b.jpg,/objects/small/210b_sm.jpg,/objects/thumbs/210b_th.jpg
demo_001.jpg,/objects/demo_001.jpg,/objects/small/demo_001_sm.jpg,/objects/thumbs/demo_001_th.jpg
demo_002.pdf,/objects/demo_002.pdf,/objects/small/demo_002_sm.jpg,/objects/thumbs/demo_002_th.jpg
demo_003.mp3,/objects/demo_003.mp3,,
demo_004.jpg,/objects/demo_004.jpg,/objects/small/demo_004_sm.jpg,/objects/thumbs/demo_004_th.jpg
demo_005.txt,/objects/demo_005.txt,,
demo_006.jpg,/objects/demo_006.jpg,/objects/small/demo_006_sm.jpg,/objects/thumbs/demo_006_th.jpg
demo_007.jpg,/objects/demo_007.jpg,/objects/small/demo_007_sm.jpg,/objects/thumbs/demo_007_th.jpg
demo_008.jpg,/objects/demo_008.jpg,/objects/small/demo_008_sm.jpg,/objects/thumbs/demo_008_th.jpg
demo_009.jpg,/objects/demo_009.jpg,/objects/small/demo_009_sm.jpg,/objects/thumbs/demo_009_th.jpg
demo_010.jpg,/objects/demo_010.jpg,/objects/small/demo_010_sm.jpg,/objects/thumbs/demo_010_th.jpg
demo_011.jpg,/objects/demo_011.jpg,/objects/small/demo_011_sm.jpg,/objects/thumbs/demo_011_th.jpg
demo_012.jpg,/objects/demo_012.jpg,/objects/small/demo_012_sm.jpg,/objects/thumbs/demo_012_th.jpg
demo_012.md,/objects/demo_012.md,,
demo_013.jpg,/objects/demo_013.jpg,/objects/small/demo_013_sm.jpg,/objects/thumbs/demo_013_th.jpg
demo_014.jpg,/objects/demo_014.jpg,/objects/small/demo_014_sm.jpg,/objects/thumbs/demo_014_th.jpg
demo_015.jpg,/objects/demo_015.jpg,/objects/small/demo_015_sm.jpg,/objects/thumbs/demo_015_th.jpg
demo_016.jpg,/objects/demo_016.jpg,/objects/small/demo_016_sm.jpg,/objects/thumbs/demo_016_th.jpg
demo_017.jpg,/objects/demo_017.jpg,/objects/small/demo_017_sm.jpg,/objects/thumbs/demo_017_th.jpg
hells_half_theta.jpg,/objects/hells_half_theta.jpg,/objects/small/hells_half_theta_sm.jpg,/objects/thumbs/hells_half_theta_th.jpg
hughes_article.png,/objects/hughes_article.png,/objects/small/hughes_article_sm.jpg,/objects/thumbs/hughes_article_th.jpg
impresion_001.jpg,/objects/impresion_001.jpg,/objects/small/impresion_001_sm.jpg,/objects/thumbs/impresion_001_th.jpg
impresion_002.jpg,/objects/impresion_002.jpg,/objects/small/impresion_002_sm.jpg,/objects/thumbs/impresion_002_th.jpg
impresion_003.jpg,/objects/impresion_003.jpg,/objects/small/impresion_003_sm.jpg,/objects/thumbs/impresion_003_th.jpg
impresion_004.jpg,/objects/impresion_004.jpg,/objects/small/impresion_004_sm.jpg,/objects/thumbs/impresion_004_th.jpg
impresion_005.jpg,/objects/impresion_005.jpg,/objects/small/impresion_005_sm.jpg,/objects/thumbs/impresion_005_th.jpg
impresion_006.jpg,/objects/impresion_006.jpg,/objects/small/impresion_006_sm.jpg,/objects/thumbs/impresion_006_th.jpg
impresion_007.jpg,/objects/impresion_007.jpg,/objects/small/impresion_007_sm.jpg,/objects/thumbs/impresion_007_th.jpg
impresion_008.jpg,/objects/impresion_008.jpg,/objects/small/impresion_008_sm.jpg,/objects/thumbs/impresion_008_th.jpg
impresion_009.jpg,/objects/impresion_009.jpg,/objects/small/impresion_009_sm.jpg,/objects/thumbs/impresion_009_th.jpg
impresion_010.jpg,/objects/impresion_010.jpg,/objects/small/impresion_010_sm.jpg,/objects/thumbs/impresion_010_th.jpg
impresion_011.jpg,/objects/impresion_011.jpg,/objects/small/impresion_011_sm.jpg,/objects/thumbs/impresion_011_th.jpg
impresion_012.jpg,/objects/impresion_012.jpg,/objects/small/impresion_012_sm.jpg,/objects/thumbs/impresion_012_th.jpg
impresion_013.jpg,/objects/impresion_013.jpg,/objects/small/impresion_013_sm.jpg,/objects/thumbs/impresion_013_th.jpg
impresion_014.jpg,/objects/impresion_014.jpg,/objects/small/impresion_014_sm.jpg,/objects/thumbs/impresion_014_th.jpg
impresion_015.jpg,/objects/impresion_015.jpg,/objects/small/impresion_015_sm.jpg,/objects/thumbs/impresion_015_th.jpg
impresion_016.jpg,/objects/impresion_016.jpg,/objects/small/impresion_016_sm.jpg,/objects/thumbs/impresion_016_th.jpg
impresion_017.jpg,/objects/impresion_017.jpg,/objects/small/impresion_017_sm.jpg,/objects/thumbs/impresion_017_th.jpg
impresion_018.jpg,/objects/impresion_018.jpg,/objects/small/impresion_018_sm.jpg,/objects/thumbs/impresion_018_th.jpg
impresion_019.jpg,/objects/impresion_019.jpg,/objects/small/impresion_019_sm.jpg,/objects/thumbs/impresion_019_th.jpg
impresion_020.jpg,/objects/impresion_020.jpg,/objects/small/impresion_020_sm.jpg,/objects/thumbs/impresion_020_th.jpg
impresion_021.jpg,/objects/impresion_021.jpg,/objects/small/impresion_021_sm.jpg,/objects/thumbs/impresion_021_th.jpg
impresion_022.jpg,/objects/impresion_022.jpg,/objects/small/impresion_022_sm.jpg,/objects/thumbs/impresion_022_th.jpg
impresion_023.jpg,/objects/impresion_023.jpg,/objects/small/impresion_023_sm.jpg,/objects/thumbs/impresion_023_th.jpg
impresion_024.jpg,/objects/impresion_024.jpg,/objects/small/impresion_024_sm.jpg,/objects/thumbs/impresion_024_th.jpg
impresion_025.jpg,/objects/impresion_025.jpg,/objects/small/impresion_025_sm.jpg,/objects/thumbs/impresion_025_th.jpg
impresion_026.jpg,/objects/impresion_026.jpg,/objects/small/impresion_026_sm.jpg,/objects/thumbs/impresion_026_th.jpg
impresion_027.jpg,/objects/impresion_027.jpg,/objects/small/impresion_027_sm.jpg,/objects/thumbs/impresion_027_th.jpg
impresion_028.jpg,/objects/impresion_028.jpg,/objects/small/impresion_028_sm.jpg,/objects/thumbs/impresion_028_th.jpg
impresion_029.jpg,/objects/impresion_029.jpg,/objects/small/impresion_029_sm.jpg,/objects/thumbs/impresion_029_th.jpg
impresion_030.jpg,/objects/impresion_030.jpg,/objects/small/impresion_030_sm.jpg,/objects/thumbs/impresion_030_th.jpg
impresion_031.jpg,/objects/impresion_031.jpg,/objects/small/impresion_031_sm.jpg,/objects/thumbs/impresion_031_th.jpg
impresion_032.jpg,/objects/impresion_032.jpg,/objects/small/impresion_032_sm.jpg,/objects/thumbs/impresion_032_th.jpg
impresion_033.jpg,/objects/impresion_033.jpg,/objects/small/impresion_033_sm.jpg,/objects/thumbs/impresion_033_th.jpg
impresion_034.jpg,/objects/impresion_034.jpg,/objects/small/impresion_034_sm.jpg,/objects/thumbs/impresion_034_th.jpg
impresion_035.jpg,/objects/impresion_035.jpg,/objects/small/impresion_035_sm.jpg,/objects/thumbs/impresion_035_th.jpg
impresion_036.jpg,/objects/impresion_036.jpg,/objects/small/impresion_036_sm.jpg,/objects/thumbs/impresion_036_th.jpg
impresion_037.jpg,/objects/impresion_037.jpg,/objects/small/impresion_037_sm.jpg,/objects/thumbs/impresion_037_th.jpg
impresion_038.jpg,/objects/impresion_038.jpg,/objects/small/impresion_038_sm.jpg,/objects/thumbs/impresion_038_th.jpg
impresion_039.jpg,/objects/impresion_039.jpg,/objects/small/impresion_039_sm.jpg,/objects/thumbs/impresion_039_th.jpg
impresion_040.jpg,/objects/impresion_040.jpg,/objects/small/impresion_040_sm.jpg,/objects/thumbs/impresion_040_th.jpg
impresion_041.jpg,/objects/impresion_041.jpg,/objects/small/impresion_041_sm.jpg,/objects/thumbs/impresion_041_th.jpg
impresion_042.jpg,/objects/impresion_042.jpg,/objects/small/impresion_042_sm.jpg,/objects/thumbs/impresion_042_th.jpg
impresion_043.jpg,/objects/impresion_043.jpg,/objects/small/impresion_043_sm.jpg,/objects/thumbs/impresion_043_th.jpg
impresion_044.jpg,/objects/impresion_044.jpg,/objects/small/impresion_044_sm.jpg,/objects/thumbs/impresion_044_th.jpg
impresion_045.jpg,/objects/impresion_045.jpg,/objects/small/impresion_045_sm.jpg,/objects/thumbs/impresion_045_th.jpg
impresion_047.jpg,/objects/impresion_047.jpg,/objects/small/impresion_047_sm.jpg,/objects/thumbs/impresion_047_th.jpg
impresion_048.jpg,/objects/impresion_048.jpg,/objects/small/impresion_048_sm.jpg,/objects/thumbs/impresion_048_th.jpg
impresion_050.jpg,/objects/impresion_050.jpg,/objects/small/impresion_050_sm.jpg,/objects/thumbs/impresion_050_th.jpg
impresion_051.jpg,/objects/impresion_051.jpg,/objects/small/impresion_051_sm.jpg,/objects/thumbs/impresion_051_th.jpg
impresion_052.jpg,/objects/impresion_052.jpg,/objects/small/impresion_052_sm.jpg,/objects/thumbs/impresion_052_th.jpg
impresion_053.jpg,/objects/impresion_053.jpg,/objects/small/impresion_053_sm.jpg,/objects/thumbs/impresion_053_th.jpg
impresion_054.jpg,/objects/impresion_054.jpg,/objects/small/impresion_054_sm.jpg,/objects/thumbs/impresion_054_th.jpg
impresion_055.jpg,/objects/impresion_055.jpg,/objects/small/impresion_055_sm.jpg,/objects/thumbs/impresion_055_th.jpg
impresion_056.jpg,/objects/impresion_056.jpg,/objects/small/impresion_056_sm.jpg,/objects/thumbs/impresion_056_th.jpg
impresion_057.jpg,/objects/impresion_057.jpg,/objects/small/impresion_057_sm.jpg,/objects/thumbs/impresion_057_th.jpg
impresion_058.jpg,/objects/impresion_058.jpg,/objects/small/impresion_058_sm.jpg,/objects/thumbs/impresion_058_th.jpg
impresion_059.jpg,/objects/impresion_059.jpg,/objects/small/impresion_059_sm.jpg,/objects/thumbs/impresion_059_th.jpg
impresion_060.jpg,/objects/impresion_060.jpg,/objects/small/impresion_060_sm.jpg,/objects/thumbs/impresion_060_th.jpg
impresion_061.jpg,/objects/impresion_061.jpg,/objects/small/impresion_061_sm.jpg,/objects/thumbs/impresion_061_th.jpg
impresion_062.jpg,/objects/impresion_062.jpg,/objects/small/impresion_062_sm.jpg,/objects/thumbs/impresion_062_th.jpg
impresion_063.jpg,/objects/impresion_063.jpg,/objects/small/impresion_063_sm.jpg,/objects/thumbs/impresion_063_th.jpg
impresion_064.jpg,/objects/impresion_064.jpg,/objects/small/impresion_064_sm.jpg,/objects/thumbs/impresion_064_th.jpg
impresion_065.jpg,/objects/impresion_065.jpg,/objects/small/impresion_065_sm.jpg,/objects/thumbs/impresion_065_th.jpg
impresion_066.jpg,/objects/impresion_066.jpg,/objects/small/impresion_066_sm.jpg,/objects/thumbs/impresion_066_th.jpg
impresion_067.jpg,/objects/impresion_067.jpg,/objects/small/impresion_067_sm.jpg,/objects/thumbs/impresion_067_th.jpg
impresion_068.jpg,/objects/impresion_068.jpg,/objects/small/impresion_068_sm.jpg,/objects/thumbs/impresion_068_th.jpg
impresion_069.jpg,/objects/impresion_069.jpg,/objects/small/impresion_069_sm.jpg,/objects/thumbs/impresion_069_th.jpg
impresion_070.jpg,/objects/impresion_070.jpg,/objects/small/impresion_070_sm.jpg,/objects/thumbs/impresion_070_th.jpg
impresion_071.jpg,/objects/impresion_071.jpg,/objects/small/impresion_071_sm.jpg,/objects/thumbs/impresion_071_th.jpg
impresion_072.jpg,/objects/impresion_072.jpg,/objects/small/impresion_072_sm.jpg,/objects/thumbs/impresion_072_th.jpg
impresion_073.jpg,/objects/impresion_073.jpg,/objects/small/impresion_073_sm.jpg,/objects/thumbs/impresion_073_th.jpg
impresion_074.jpg,/objects/impresion_074.jpg,/objects/small/impresion_074_sm.jpg,/objects/thumbs/impresion_074_th.jpg
impresion_075.jpg,/objects/impresion_075.jpg,/objects/small/impresion_075_sm.jpg,/objects/thumbs/impresion_075_th.jpg
impresion_076.jpg,/objects/impresion_076.jpg,/objects/small/impresion_076_sm.jpg,/objects/thumbs/impresion_076_th.jpg
impresion_077.jpg,/objects/impresion_077.jpg,/objects/small/impresion_077_sm.jpg,/objects/thumbs/impresion_077_th.jpg
impresion_078.jpg,/objects/impresion_078.jpg,/objects/small/impresion_078_sm.jpg,/objects/thumbs/impresion_078_th.jpg
impresion_079.jpg,/objects/impresion_079.jpg,/objects/small/impresion_079_sm.jpg,/objects/thumbs/impresion_079_th.jpg
impresion_080.jpg,/objects/impresion_080.jpg,/objects/small/impresion_080_sm.jpg,/objects/thumbs/impresion_080_th.jpg
impresion_081.jpg,/objects/impresion_081.jpg,/objects/small/impresion_081_sm.jpg,/objects/thumbs/impresion_081_th.jpg
impresion_082.jpg,/objects/impresion_082.jpg,/objects/small/impresion_082_sm.jpg,/objects/thumbs/impresion_082_th.jpg
impresion_083.jpg,/objects/impresion_083.jpg,/objects/small/impresion_083_sm.jpg,/objects/thumbs/impresion_083_th.jpg
impresion_084.jpg,/objects/impresion_084.jpg,/objects/small/impresion_084_sm.jpg,/objects/thumbs/impresion_084_th.jpg
impresion_085.jpg,/objects/impresion_085.jpg,/objects/small/impresion_085_sm.jpg,/objects/thumbs/impresion_085_th.jpg
impresion_086.jpg,/objects/impresion_086.jpg,/objects/small/impresion_086_sm.jpg,/objects/thumbs/impresion_086_th.jpg
impresion_087.jpg,/objects/impresion_087.jpg,/objects/small/impresion_087_sm.jpg,/objects/thumbs/impresion_087_th.jpg
impresion_088.jpg,/objects/impresion_088.jpg,/objects/small/impresion_088_sm.jpg,/objects/thumbs/impresion_088_th.jpg
impresion_089.jpg,/objects/impresion_089.jpg,/objects/small/impresion_089_sm.jpg,/objects/thumbs/impresion_089_th.jpg
impresion_090.jpg,/objects/impresion_090.jpg,/objects/small/impresion_090_sm.jpg,/objects/thumbs/impresion_090_th.jpg
impresion_091.jpg,/objects/impresion_091.jpg,/objects/small/impresion_091_sm.jpg,/objects/thumbs/impresion_091_th.jpg
impresion_092.jpg,/objects/impresion_092.jpg,/objects/small/impresion_092_sm.jpg,/objects/thumbs/impresion_092_th.jpg
impresion_093.jpg,/objects/impresion_093.jpg,/objects/small/impresion_093_sm.jpg,/objects/thumbs/impresion_093_th.jpg
impresion_094.jpg,/objects/impresion_094.jpg,/objects/small/impresion_094_sm.jpg,/objects/thumbs/impresion_094_th.jpg
impresion_095.jpg,/objects/impresion_095.jpg,/objects/small/impresion_095_sm.jpg,/objects/thumbs/impresion_095_th.jpg
impresion_096.jpg,/objects/impresion_096.jpg,/objects/small/impresion_096_sm.jpg,/objects/thumbs/impresion_096_th.jpg
impresion_097.jpg,/objects/impresion_097.jpg,/objects/small/impresion_097_sm.jpg,/objects/thumbs/impresion_097_th.jpg
impresion_098.jpg,/objects/impresion_098.jpg,/objects/small/impresion_098_sm.jpg,/objects/thumbs/impresion_098_th.jpg
impresion_099.jpg,/objects/impresion_099.jpg,/objects/small/impresion_099_sm.jpg,/objects/thumbs/impresion_099_th.jpg
impresion_100.jpg,/objects/impresion_100.jpg,/objects/small/impresion_100_sm.jpg,/objects/thumbs/impresion_100_th.jpg
impresion_101.jpg,/objects/impresion_101.jpg,/objects/small/impresion_101_sm.jpg,/objects/thumbs/impresion_101_th.jpg
impresion_102.jpg,/objects/impresion_102.jpg,/objects/small/impresion_102_sm.jpg,/objects/thumbs/impresion_102_th.jpg
impresion_103.jpg,/objects/impresion_103.jpg,/objects/small/impresion_103_sm.jpg,/objects/thumbs/impresion_103_th.jpg
impresion_104.jpg,/objects/impresion_104.jpg,/objects/small/impresion_104_sm.jpg,/objects/thumbs/impresion_104_th.jpg
impresion_105.jpg,/objects/impresion_105.jpg,/objects/small/impresion_105_sm.jpg,/objects/thumbs/impresion_105_th.jpg
impresion_106.jpg,/objects/impresion_106.jpg,/objects/small/impresion_106_sm.jpg,/objects/thumbs/impresion_106_th.jpg
impresion_107.jpg,/objects/impresion_107.jpg,/objects/small/impresion_107_sm.jpg,/objects/thumbs/impresion_107_th.jpg
impresion_108.jpg,/objects/impresion_108.jpg,/objects/small/impresion_108_sm.jpg,/objects/thumbs/impresion_108_th.jpg
impresion_109.jpg,/objects/impresion_109.jpg,/objects/small/impresion_109_sm.jpg,/objects/thumbs/impresion_109_th.jpg
impresion_110.jpg,/objects/impresion_110.jpg,/objects/small/impresion_110_sm.jpg,/objects/thumbs/impresion_110_th.jpg
impresion_111.jpg,/objects/impresion_111.jpg,/objects/small/impresion_111_sm.jpg,/objects/thumbs/impresion_111_th.jpg
impresion_112.jpg,/objects/impresion_112.jpg,/objects/small/impresion_112_sm.jpg,/objects/thumbs/impresion_112_th.jpg
impresion_113.jpg,/objects/impresion_113.jpg,/objects/small/impresion_113_sm.jpg,/objects/thumbs/impresion_113_th.jpg
impresion_114.jpg,/objects/impresion_114.jpg,/objects/small/impresion_114_sm.jpg,/objects/thumbs/impresion_114_th.jpg
impresion_115.jpg,/objects/impresion_115.jpg,/objects/small/impresion_115_sm.jpg,/objects/thumbs/impresion_115_th.jpg
impresion_116.jpg,/objects/impresion_116.jpg,/objects/small/impresion_116_sm.jpg,/objects/thumbs/impresion_116_th.jpg
impresion_117.jpg,/objects/impresion_117.jpg,/objects/small/impresion_117_sm.jpg,/objects/thumbs/impresion_117_th.jpg
impresion_118.jpg,/objects/impresion_118.jpg,/objects/small/impresion_118_sm.jpg,/objects/thumbs/impresion_118_th.jpg
impresion_119.jpg,/objects/impresion_119.jpg,/objects/small/impresion_119_sm.jpg,/objects/thumbs/impresion_119_th.jpg
impresion_120.jpg,/objects/impresion_120.jpg,/objects/small/impresion_120_sm.jpg,/objects/thumbs/impresion_120_th.jpg
impresion_121.jpg,/objects/impresion_121.jpg,/objects/small/impresion_121_sm.jpg,/objects/thumbs/impresion_121_th.jpg
impresion_122.jpg,/objects/impresion_122.jpg,/objects/small/impresion_122_sm.jpg,/objects/thumbs/impresion_122_th.jpg
impresion_123.jpg,/objects/impresion_123.jpg,/objects/small/impresion_123_sm.jpg,/objects/thumbs/impresion_123_th.jpg
impresion_124.jpg,/objects/impresion_124.jpg,/objects/small/impresion_124_sm.jpg,/objects/thumbs/impresion_124_th.jpg
impresion_125.jpg,/objects/impresion_125.jpg,/objects/small/impresion_125_sm.jpg,/objects/thumbs/impresion_125_th.jpg
impresion_126.jpg,/objects/impresion_126.jpg,/objects/small/impresion_126_sm.jpg,/objects/thumbs/impresion_126_th.jpg
impresion_127.jpg,/objects/impresion_127.jpg,/objects/small/impresion_127_sm.jpg,/objects/thumbs/impresion_127_th.jpg
impresion_128.jpg,/objects/impresion_128.jpg,/objects/small/impresion_128_sm.jpg,/objects/thumbs/impresion_128_th.jpg
impresion_129.jpg,/objects/impresion_129.jpg,/objects/small/impresion_129_sm.jpg,/objects/thumbs/impresion_129_th.jpg
impresion_130.jpg,/objects/impresion_130.jpg,/objects/small/impresion_130_sm.jpg,/objects/thumbs/impresion_130_th.jpg
impresion_131.jpg,/objects/impresion_131.jpg,/objects/small/impresion_131_sm.jpg,/objects/thumbs/impresion_131_th.jpg
impresion_132.jpg,/objects/impresion_132.jpg,/objects/small/impresion_132_sm.jpg,/objects/thumbs/impresion_132_th.jpg
negativo_001.jpg,/objects/negativo_001.jpg,/objects/small/negativo_001_sm.jpg,/objects/thumbs/negativo_001_th.jpg
negativo_002.jpg,/objects/negativo_002.jpg,/objects/small/negativo_002_sm.jpg,/objects/thumbs/negativo_002_th.jpg
negativo_003.jpg,/objects/negativo_003.jpg,/objects/small/negativo_003_sm.jpg,/objects/thumbs/negativo_003_th.jpg
negativo_004.jpg,/objects/negativo_004.jpg,/objects/small/negativo_004_sm.jpg,/objects/thumbs/negativo_004_th.jpg
negativo_005.jpg,/objects/negativo_005.jpg,/objects/small/negativo_005_sm.jpg,/objects/thumbs/negativo_005_th.jpg
negativo_006.jpg,/objects/negativo_006.jpg,/objects/small/negativo_006_sm.jpg,/objects/thumbs/negativo_006_th.jpg
negativo_007.jpg,/objects/negativo_007.jpg,/objects/small/negativo_007_sm.jpg,/objects/thumbs/negativo_007_th.jpg
negativo_008.jpg,/objects/negativo_008.jpg,/objects/small/negativo_008_sm.jpg,/objects/thumbs/negativo_008_th.jpg
negativo_009.jpg,/objects/negativo_009.jpg,/objects/small/negativo_009_sm.jpg,/objects/thumbs/negativo_009_th.jpg
negativo_010.jpg,/objects/negativo_010.jpg,/objects/small/negativo_010_sm.jpg,/objects/thumbs/negativo_010_th.jpg
negativo_024.jpg,/objects/negativo_024.jpg,/objects/small/negativo_024_sm.jpg,/objects/thumbs/negativo_024_th.jpg
negativo_025.jpg,/objects/negativo_025.jpg,/objects/small/negativo_025_sm.jpg,/objects/thumbs/negativo_025_th.jpg
negativo_026.jpg,/objects/negativo_026.jpg,/objects/small/negativo_026_sm.jpg,/objects/thumbs/negativo_026_th.jpg
negativo_027.jpg,/objects/negativo_027.jpg,/objects/small/negativo_027_sm.jpg,/objects/thumbs/negativo_027_th.jpg
negativo_028.jpg,/objects/negativo_028.jpg,/objects/small/negativo_028_sm.jpg,/objects/thumbs/negativo_028_th.jpg
negativo_029.jpg,/objects/negativo_029.jpg,/objects/small/negativo_029_sm.jpg,/objects/thumbs/negativo_029_th.jpg
negativo_030.jpg,/objects/negativo_030.jpg,/objects/small/negativo_030_sm.jpg,/objects/thumbs/negativo_030_th.jpg
negativo_031.jpg,/objects/negativo_031.jpg,/objects/small/negativo_031_sm.jpg,/objects/thumbs/negativo_031_th.jpg
negativo_032.jpg,/objects/negativo_032.jpg,/objects/small/negativo_032_sm.jpg,/objects/thumbs/negativo_032_th.jpg
negativo_033.jpg,/objects/negativo_033.jpg,/objects/small/negativo_033_sm.jpg,/objects/thumbs/negativo_033_th.jpg
negativo_034.jpg,/objects/negativo_034.jpg,/objects/small/negativo_034_sm.jpg,/objects/thumbs/negativo_034_th.jpg
negativo_035.jpg,/objects/negativo_035.jpg,/objects/small/negativo_035_sm.jpg,/objects/thumbs/negativo_035_th.jpg
negativo_036.jpg,/objects/negativo_036.jpg,/objects/small/negativo_036_sm.jpg,/objects/thumbs/negativo_036_th.jpg
negativo_037.jpg,/objects/negativo_037.jpg,/objects/small/negativo_037_sm.jpg,/objects/thumbs/negativo_037_th.jpg
negativo_038.jpg,/objects/negativo_038.jpg,/objects/small/negativo_038_sm.jpg,/objects/thumbs/negativo_038_th.jpg
negativo_039.jpg,/objects/negativo_039.jpg,/objects/small/negativo_039_sm.jpg,/objects/thumbs/negativo_039_th.jpg
negativo_040.jpg,/objects/negativo_040.jpg,/objects/small/negativo_040_sm.jpg,/objects/thumbs/negativo_040_th.jpg
negativo_041.jpg,/objects/negativo_041.jpg,/objects/small/negativo_041_sm.jpg,/objects/thumbs/negativo_041_th.jpg
negativo_042.jpg,/objects/negativo_042.jpg,/objects/small/negativo_042_sm.jpg,/objects/thumbs/negativo_042_th.jpg
negativo_043.jpg,/objects/negativo_043.jpg,/objects/small/negativo_043_sm.jpg,/objects/thumbs/negativo_043_th.jpg
negativo_044.jpg,/objects/negativo_044.jpg,/objects/small/negativo_044_sm.jpg,/objects/thumbs/negativo_044_th.jpg
negativo_045.jpg,/objects/negativo_045.jpg,/objects/small/negativo_045_sm.jpg,/objects/thumbs/negativo_045_th.jpg
negativo_046.jpg,/objects/negativo_046.jpg,/objects/small/negativo_046_sm.jpg,/objects/thumbs/negativo_046_th.jpg
negativo_047.jpg,/objects/negativo_047.jpg,/objects/small/negativo_047_sm.jpg,/objects/thumbs/negativo_047_th.jpg
negativo_048.jpg,/objects/negativo_048.jpg,/objects/small/negativo_048_sm.jpg,/objects/thumbs/negativo_048_th.jpg
negativo_049.jpg,/objects/negativo_049.jpg,/objects/small/negativo_049_sm.jpg,/objects/thumbs/negativo_049_th.jpg
negativo_050.jpg,/objects/negativo_050.jpg,/objects/small/negativo_050_sm.jpg,/objects/thumbs/negativo_050_th.jpg
negativo_051.jpg,/objects/negativo_051.jpg,/objects/small/negativo_051_sm.jpg,/objects/thumbs/negativo_051_th.jpg
negativo_052.jpg,/objects/negativo_052.jpg,/objects/small/negativo_052_sm.jpg,/objects/thumbs/negativo_052_th.jpg
negativo_053.jpg,/objects/negativo_053.jpg,/objects/small/negativo_053_sm.jpg,/objects/thumbs/negativo_053_th.jpg
negativo_054.jpg,/objects/negativo_054.jpg,/objects/small/negativo_054_sm.jpg,/objects/thumbs/negativo_054_th.jpg
negativo_055.jpg,/objects/negativo_055.jpg,/objects/small/negativo_055_sm.jpg,/objects/thumbs/negativo_055_th.jpg
negativo_056.jpg,/objects/negativo_056.jpg,/objects/small/negativo_056_sm.jpg,/objects/thumbs/negativo_056_th.jpg
negativo_057.jpg,/objects/negativo_057.jpg,/objects/small/negativo_057_sm.jpg,/objects/thumbs/negativo_057_th.jpg
negativo_058.jpg,/objects/negativo_058.jpg,/objects/small/negativo_058_sm.jpg,/objects/thumbs/negativo_058_th.jpg
negativo_059.jpg,/objects/negativo_059.jpg,/objects/small/negativo_059_sm.jpg,/objects/thumbs/negativo_059_th.jpg
negativo_060.jpg,/objects/negativo_060.jpg,/objects/small/negativo_060_sm.jpg,/objects/thumbs/negativo_060_th.jpg
negativo_061.jpg,/objects/negativo_061.jpg,/objects/small/negativo_061_sm.jpg,/objects/thumbs/negativo_061_th.jpg
negativo_062.jpg,/objects/negativo_062.jpg,/objects/small/negativo_062_sm.jpg,/objects/thumbs/negativo_062_th.jpg
negativo_073.jpg,/objects/negativo_073.jpg,/objects/small/negativo_073_sm.jpg,/objects/thumbs/negativo_073_th.jpg
negativo_074.jpg,/objects/negativo_074.jpg,/objects/small/negativo_074_sm.jpg,/objects/thumbs/negativo_074_th.jpg
negativo_075.jpg,/objects/negativo_075.jpg,/objects/small/negativo_075_sm.jpg,/objects/thumbs/negativo_075_th.jpg
negativo_076.jpg,/objects/negativo_076.jpg,/objects/small/negativo_076_sm.jpg,/objects/thumbs/negativo_076_th.jpg
negativo_077.jpg,/objects/negativo_077.jpg,/objects/small/negativo_077_sm.jpg,/objects/thumbs/negativo_077_th.jpg
negativo_078.jpg,/objects/negativo_078.jpg,/objects/small/negativo_078_sm.jpg,/objects/thumbs/negativo_078_th.jpg
negativo_079.jpg,/objects/negativo_079.jpg,/objects/small/negativo_079_sm.jpg,/objects/thumbs/negativo_079_th.jpg
negativo_080.jpg,/objects/negativo_080.jpg,/objects/small/negativo_080_sm.jpg,/objects/thumbs/negativo_080_th.jpg
negativo_081.jpg,/objects/negativo_081.jpg,/objects/small/negativo_081_sm.jpg,/objects/thumbs/negativo_081_th.jpg
negativo_082.jpg,/objects/negativo_082.jpg,/objects/small/negativo_082_sm.jpg,/objects/thumbs/negativo_082_th.jpg
negativo_083.jpg,/objects/negativo_083.jpg,/objects/small/negativo_083_sm.jpg,/objects/thumbs/negativo_083_th.jpg
negativo_084.jpg,/objects/negativo_084.jpg,/objects/small/negativo_084_sm.jpg,/objects/thumbs/negativo_084_th.jpg
negativo_085.jpg,/objects/negativo_085.jpg,/objects/small/negativo_085_sm.jpg,/objects/thumbs/negativo_085_th.jpg
negativo_086.jpg,/objects/negativo_086.jpg,/objects/small/negativo_086_sm.jpg,/objects/thumbs/negativo_086_th.jpg
negativo_087.jpg,/objects/negativo_087.jpg,/objects/small/negativo_087_sm.jpg,/objects/thumbs/negativo_087_th.jpg
negativo_088.jpg,/objects/negativo_088.jpg,/objects/small/negativo_088_sm.jpg,/objects/thumbs/negativo_088_th.jpg
negativo_089.jpg,/objects/negativo_089.jpg,/objects/small/negativo_089_sm.jpg,/objects/thumbs/negativo_089_th.jpg
negativo_090.jpg,/objects/negativo_090.jpg,/objects/small/negativo_090_sm.jpg,/objects/thumbs/negativo_090_th.jpg
negativo_091.jpg,/objects/negativo_091.jpg,/objects/small/negativo_091_sm.jpg,/objects/thumbs/negativo_091_th.jpg
negativo_092.jpg,/objects/negativo_092.jpg,/objects/small/negativo_092_sm.jpg,/objects/thumbs/negativo_092_th.jpg
negativo_093.jpg,/objects/negativo_093.jpg,/objects/small/negativo_093_sm.jpg,/objects/thumbs/negativo_093_th.jpg
negativo_094.jpg,/objects/negativo_094.jpg,/objects/small/negativo_094_sm.jpg,/objects/thumbs/negativo_094_th.jpg
negativo_095.jpg,/objects/negativo_095.jpg,/objects/small/negativo_095_sm.jpg,/objects/thumbs/negativo_095_th.jpg
negativo_096.jpg,/objects/negativo_096.jpg,/objects/small/negativo_096_sm.jpg,/objects/thumbs/negativo_096_th.jpg
transparencia_001.jpg,/objects/transparencia_001.jpg,/objects/small/transparencia_001_sm.jpg,/objects/thumbs/transparencia_001_th.jpg
transparencia_002.jpg,/objects/transparencia_002.jpg,/objects/small/transparencia_002_sm.jpg,/objects/thumbs/transparencia_002_th.jpg
transparencia_003.jpg,/objects/transparencia_003.jpg,/objects/small/transparencia_003_sm.jpg,/objects/thumbs/transparencia_003_th.jpg
transparencia_004.jpg,/objects/transparencia_004.jpg,/objects/small/transparencia_004_sm.jpg,/objects/thumbs/transparencia_004_th.jpg
transparencia_005.jpg,/objects/transparencia_005.jpg,/objects/small/transparencia_005_sm.jpg,/objects/thumbs/transparencia_005_th.jpg
transparencia_006.jpg,/objects/transparencia_006.jpg,/objects/small/transparencia_006_sm.jpg,/objects/thumbs/transparencia_006_th.jpg
transparencia_007.jpg,/objects/transparencia_007.jpg,/objects/small/transparencia_007_sm.jpg,/objects/thumbs/transparencia_007_th.jpg
transparencia_008.jpg,/objects/transparencia_008.jpg,/objects/small/transparencia_008_sm.jpg,/objects/thumbs/transparencia_008_th.jpg
transparencia_009.jpg,/objects/transparencia_009.jpg,/objects/small/transparencia_009_sm.jpg,/objects/thumbs/transparencia_009_th.jpg
transparencia_010.jpg,/objects/transparencia_010.jpg,/objects/small/transparencia_010_sm.jpg,/objects/thumbs/transparencia_010_th.jpg
transparencia_011.jpg,/objects/transparencia_011.jpg,/objects/small/transparencia_011_sm.jpg,/objects/thumbs/transparencia_011_th.jpg
transparencia_012.jpg,/objects/transparencia_012.jpg,/objects/small/transparencia_012_sm.jpg,/objects/thumbs/transparencia_012_th.jpg
transparencia_013.jpg,/objects/transparencia_013.jpg,/objects/small/transparencia_013_sm.jpg,/objects/thumbs/transparencia_013_th.jpg
transparencia_014.jpg,/objects/transparencia_014.jpg,/objects/small/transparencia_014_sm.jpg,/objects/thumbs/transparencia_014_th.jpg
transparencia_015.jpg,/objects/transparencia_015.jpg,/objects/small/transparencia_015_sm.jpg,/objects/thumbs/transparencia_015_th.jpg
transparencia_016.jpg,/objects/transparencia_016.jpg,/objects/small/transparencia_016_sm.jpg,/objects/thumbs/transparencia_016_th.jpg
transparencia_017.jpg,/objects/transparencia_017.jpg,/objects/small/transparencia_017_sm.jpg,/objects/thumbs/transparencia_017_th.jpg
transparencia_018.jpg,/objects/transparencia_018.jpg,/objects/small/transparencia_018_sm.jpg,/objects/thumbs/transparencia_018_th.jpg
transparencia_019.JPG,/objects/transparencia_019.JPG,/objects/small/transparencia_019_sm.jpg,/objects/thumbs/transparencia_019_th.jpg
transparencia_020.JPG,/objects/transparencia_020.JPG,/objects/small/transparencia_020_sm.jpg,/objects/thumbs/transparencia_020_th.jpg
transparencia_021.jpg,/objects/transparencia_021.jpg,/objects/small/transparencia_021_sm.jpg,/objects/thumbs/transparencia_021_th.jpg
transparencia_022.jpg,/objects/transparencia_022.jpg,/objects/small/transparencia_022_sm.jpg,/objects/thumbs/transparencia_022_th.jpg
transparencia_023.jpg,/objects/transparencia_023.jpg,/objects/small/transparencia_023_sm.jpg,/objects/thumbs/transparencia_023_th.jpg
transparencia_024.jpg,/objects/transparencia_024.jpg,/objects/small/transparencia_024_sm.jpg,/objects/thumbs/transparencia_024_th.jpg
transparencia_025.jpg,/objects/transparencia_025.jpg,/objects/small/transparencia_025_sm.jpg,/objects/thumbs/transparencia_025_th.jpg
transparencia_026.jpg,/objects/transparencia_026.jpg,/objects/small/transparencia_026_sm.jpg,/objects/thumbs/transparencia_026_th.jpg
transparencia_027.jpg,/objects/transparencia_027.jpg,/objects/small/transparencia_027_sm.jpg,/objects/thumbs/transparencia_027_th.jpg
transparencia_028.jpg,/objects/transparencia_028.jpg,/objects/small/transparencia_028_sm.jpg,/objects/thumbs/transparencia_028_th.jpg
transparencia_029.jpg,/objects/transparencia_029.jpg,/objects/small/transparencia_029_sm.jpg,/objects/thumbs/transparencia_029_th.jpg
transparencia_030.jpg,/objects/transparencia_030.jpg,/objects/small/transparencia_030_sm.jpg,/objects/thumbs/transparencia_030_th.jpg
transparencia_031.jpg,/objects/transparencia_031.jpg,/objects/small/transparencia_031_sm.jpg,/objects/thumbs/transparencia_031_th.jpg
transparencia_032.jpg,/objects/transparencia_032.jpg,/objects/small/transparencia_032_sm.jpg,/objects/thumbs/transparencia_032_th.jpg
transparencia_033.jpg,/objects/transparencia_033.jpg,/objects/small/transparencia_033_sm.jpg,/objects/thumbs/transparencia_033_th.jpg
transparencia_034.jpg,/objects/transparencia_034.jpg,/objects/small/transparencia_034_sm.jpg,/objects/thumbs/transparencia_034_th.jpg
transparencia_035.jpg,/objects/transparencia_035.jpg,/objects/small/transparencia_035_sm.jpg,/objects/thumbs/transparencia_035_th.jpg
transparencia_036.jpg,/objects/transparencia_036.jpg,/objects/small/transparencia_036_sm.jpg,/objects/thumbs/transparencia_036_th.jpg
transparencia_037.jpg,/objects/transparencia_037.jpg,/objects/small/transparencia_037_sm.jpg,/objects/thumbs/transparencia_037_th.jpg
transparencia_038.jpg,/objects/transparencia_038.jpg,/objects/small/transparencia_038_sm.jpg,/objects/thumbs/transparencia_038_th.jpg
transparencia_039.jpg,/objects/transparencia_039.jpg,/objects/small/transparencia_039_sm.jpg,/objects/thumbs/transparencia_039_th.jpg
transparencia_040.jpg,/objects/transparencia_040.jpg,/objects/small/transparencia_040_sm.jpg,/objects/thumbs/transparencia_040_th.jpg
transparencia_041.jpg,/objects/transparencia_041.jpg,/objects/small/transparencia_041_sm.jpg,/objects/thumbs/transparencia_041_th.jpg
transparencia_042.jpg,/objects/transparencia_042.jpg,/objects/small/transparencia_042_sm.jpg,/objects/thumbs/transparencia_042_th.jpg
transparencia_043.jpg,/objects/transparencia_043.jpg,/objects/small/transparencia_043_sm.jpg,/objects/thumbs/transparencia_043_th.jpg
transparencia_044.jpg,/objects/transparencia_044.jpg,/objects/small/transparencia_044_sm.jpg,/objects/thumbs/transparencia_044_th.jpg
transparencia_045.jpg,/objects/transparencia_045.jpg,/objects/small/transparencia_045_sm.jpg,/objects/thumbs/transparencia_045_th.jpg
transparencia_046.jpg,/objects/transparencia_046.jpg,/objects/small/transparencia_046_sm.jpg,/objects/thumbs/transparencia_046_th.jpg
transparencia_047.jpg,/objects/transparencia_047.jpg,/objects/small/transparencia_047_sm.jpg,/objects/thumbs/transparencia_047_th.jpg
transparencia_048.jpg,/objects/transparencia_048.jpg,/objects/small/transparencia_048_sm.jpg,/objects/thumbs/transparencia_048_th.jpg
transparencia_049.jpg,/objects/transparencia_049.jpg,/objects/small/transparencia_049_sm.jpg,/objects/thumbs/transparencia_049_th.jpg
transparencia_050.jpg,/objects/transparencia_050.jpg,/objects/small/transparencia_050_sm.jpg,/objects/thumbs/transparencia_050_th.jpg
transparencia_051.jpg,/objects/transparencia_051.jpg,/objects/small/transparencia_051_sm.jpg,/objects/thumbs/transparencia_051_th.jpg
transparencia_052.jpg,/objects/transparencia_052.jpg,/objects/small/transparencia_052_sm.jpg,/objects/thumbs/transparencia_052_th.jpg
transparencia_053.jpg,/objects/transparencia_053.jpg,/objects/small/transparencia_053_sm.jpg,/objects/thumbs/transparencia_053_th.jpg
transparencia_054.jpg,/objects/transparencia_054.jpg,/objects/small/transparencia_054_sm.jpg,/objects/thumbs/transparencia_054_th.jpg
transparencia_055.jpg,/objects/transparencia_055.jpg,/objects/small/transparencia_055_sm.jpg,/objects/thumbs/transparencia_055_th.jpg
transparencia_056.jpg,/objects/transparencia_056.jpg,/objects/small/transparencia_056_sm.jpg,/objects/thumbs/transparencia_056_th.jpg
transparencia_057.jpg,/objects/transparencia_057.jpg,/objects/small/transparencia_057_sm.jpg,/objects/thumbs/transparencia_057_th.jpg
transparencia_058.jpg,/objects/transparencia_058.jpg,/objects/small/transparencia_058_sm.jpg,/objects/thumbs/transparencia_058_th.jpg
transparencia_059.jpg,/objects/transparencia_059.jpg,/objects/small/transparencia_059_sm.jpg,/objects/thumbs/transparencia_059_th.jpg
transparencia_060.jpg,/objects/transparencia_060.jpg,/objects/small/transparencia_060_sm.jpg,/objects/thumbs/transparencia_060_th.jpg
transparencia_061.jpg,/objects/transparencia_061.jpg,/objects/small/transparencia_061_sm.jpg,/objects/thumbs/transparencia_061_th.jpg
transparencia_062.jpg,/objects/transparencia_062.jpg,/objects/small/transparencia_062_sm.jpg,/objects/thumbs/transparencia_062_th.jpg
transparencia_063.jpg,/objects/transparencia_063.jpg,/objects/small/transparencia_063_sm.jpg,/objects/thumbs/transparencia_063_th.jpg
transparencia_064.jpg,/objects/transparencia_064.jpg,/objects/small/transparencia_064_sm.jpg,/objects/thumbs/transparencia_064_th.jpg
transparencia_065.jpg,/objects/transparencia_065.jpg,/objects/small/transparencia_065_sm.jpg,/objects/thumbs/transparencia_065_th.jpg
transparencia_066.jpg,/objects/transparencia_066.jpg,/objects/small/transparencia_066_sm.jpg,/objects/thumbs/transparencia_066_th.jpg
transparencia_067.jpg,/objects/transparencia_067.jpg,/objects/small/transparencia_067_sm.jpg,/objects/thumbs/transparencia_067_th.jpg
transparencia_068.jpg,/objects/transparencia_068.jpg,/objects/small/transparencia_068_sm.jpg,/objects/thumbs/transparencia_068_th.jpg
transparencia_069.jpg,/objects/transparencia_069.jpg,/objects/small/transparencia_069_sm.jpg,/objects/thumbs/transparencia_069_th.jpg
transparencia_070.jpg,/objects/transparencia_070.jpg,/objects/small/transparencia_070_sm.jpg,/objects/thumbs/transparencia_070_th.jpg
transparencia_071.jpg,/objects/transparencia_071.jpg,/objects/small/transparencia_071_sm.jpg,/objects/thumbs/transparencia_071_th.jpg
transparencia_072.jpg,/objects/transparencia_072.jpg,/objects/small/transparencia_072_sm.jpg,/objects/thumbs/transparencia_072_th.jpg
transparencia_073.jpg,/objects/transparencia_073.jpg,/objects/small/transparencia_073_sm.jpg,/objects/thumbs/transparencia_073_th.jpg
transparencia_074.jpg,/objects/transparencia_074.jpg,/objects/small/transparencia_074_sm.jpg,/objects/thumbs/transparencia_074_th.jpg
transparencia_075.jpg,/objects/transparencia_075.jpg,/objects/small/transparencia_075_sm.jpg,/objects/thumbs/transparencia_075_th.jpg
transparencia_076.jpg,/objects/transparencia_076.jpg,/objects/small/transparencia_076_sm.jpg,/objects/thumbs/transparencia_076_th.jpg
